student_id,subject,marks,normalize_marks
1,Math,85,0.9444444444444444
1,Science,78,0.8666666666666667
2,Math,90,1.0
2,Science,0,0.0
3,Math,76,0.8444444444444444
3,Science,80,0.8888888888888888
4,Math,65,0.7222222222222222
5,Science,0,0.0
