student_id,subject,marks,normalize_marks
1,Math,85,0.6842105263157895
1,Science,79,0.3684210526315789
2,Math,90,0.9473684210526315
2,Science,78,0.3157894736842105
3,Science,72,0.0
4,Math,80,0.42105263157894735
5,Math,91,1.0
6,Math,90,0.9473684210526315
7,Science,74,0.10526315789473684
8,Math,89,0.8947368421052632
9,Math,80,0.42105263157894735
9,Science,72,0.0
10,Science,88,0.8421052631578947
